"Metric","Linear_model","Cross_Validation_Model"
"MAE",1.72284195630845,1.54369075550381
"MSE",6.22123057046811,8.30417782888116
"RMSE",2.49423947736943,2.64138117820677
