"Metric","Linear_model","Cross_Validation_Model"
"MAE",1.78595794638628,1.47228885064888
"MSE",6.53834605537636,7.045272847753
"RMSE",2.55701897829804,2.49438440440703
